dataset,date,airport,arrival_flight,return_flight,old_departure,old_arrival,proposed_departure,proposed_arrival,return_departure,old_rest_minutes,proposed_rest_minutes,original_block_minutes,proposed_block_minutes
week_1.csv,2000-01-02,AIR12,LEG_02_25,LEG_02_27,2000-01-02T01:04:00,2000-01-02T03:46:00,2000-01-02T01:03:00,2000-01-02T03:45:00,2000-01-02T13:45:00,599,600.0,162.0,162.0
week_1.csv,2000-01-03,AIR12,LEG_03_25,LEG_03_27,2000-01-03T01:04:00,2000-01-03T03:46:00,2000-01-03T01:03:00,2000-01-03T03:45:00,2000-01-03T13:45:00,599,600.0,162.0,162.0
week_1.csv,2000-01-04,AIR12,LEG_04_25,LEG_04_27,2000-01-04T01:04:00,2000-01-04T03:46:00,2000-01-04T01:03:00,2000-01-04T03:45:00,2000-01-04T13:45:00,599,600.0,162.0,162.0
week_1.csv,2000-01-05,AIR12,LEG_05_22,LEG_05_24,2000-01-05T01:04:00,2000-01-05T03:46:00,2000-01-05T01:03:00,2000-01-05T03:45:00,2000-01-05T13:45:00,599,600.0,162.0,162.0
week_1.csv,2000-01-06,AIR12,LEG_06_22,LEG_06_24,2000-01-06T01:04:00,2000-01-06T03:46:00,2000-01-06T01:03:00,2000-01-06T03:45:00,2000-01-06T13:45:00,599,600.0,162.0,162.0
week_1.csv,2000-01-07,AIR12,LEG_07_25,LEG_07_27,2000-01-07T01:04:00,2000-01-07T03:46:00,2000-01-07T01:03:00,2000-01-07T03:45:00,2000-01-07T13:45:00,599,600.0,162.0,162.0
week_1_with_padding.csv,2000-01-02,AIR12,LEG_02_25,LEG_02_27,2000-01-02T01:04:00,2000-01-02T03:46:00,2000-01-02T01:03:00,2000-01-02T03:45:00,2000-01-02T13:45:00,599,600.0,162.0,162.0
week_1_with_padding.csv,2000-01-03,AIR12,LEG_03_25,LEG_03_27,2000-01-03T01:04:00,2000-01-03T03:46:00,2000-01-03T01:03:00,2000-01-03T03:45:00,2000-01-03T13:45:00,599,600.0,162.0,162.0
week_1_with_padding.csv,2000-01-04,AIR12,LEG_04_25,LEG_04_27,2000-01-04T01:04:00,2000-01-04T03:46:00,2000-01-04T01:03:00,2000-01-04T03:45:00,2000-01-04T13:45:00,599,600.0,162.0,162.0
week_1_with_padding.csv,2000-01-05,AIR12,LEG_05_22,LEG_05_24,2000-01-05T01:04:00,2000-01-05T03:46:00,2000-01-05T01:03:00,2000-01-05T03:45:00,2000-01-05T13:45:00,599,600.0,162.0,162.0
week_1_with_padding.csv,2000-01-06,AIR12,LEG_06_22,LEG_06_24,2000-01-06T01:04:00,2000-01-06T03:46:00,2000-01-06T01:03:00,2000-01-06T03:45:00,2000-01-06T13:45:00,599,600.0,162.0,162.0
week_1_with_padding.csv,2000-01-07,AIR12,LEG_07_25,LEG_07_27,2000-01-07T01:04:00,2000-01-07T03:46:00,2000-01-07T01:03:00,2000-01-07T03:45:00,2000-01-07T13:45:00,599,600.0,162.0,162.0
week_1_with_padding.csv,2000-01-08,AIR12,LEG_08_25,LEG_08_27,2000-01-08T01:04:00,2000-01-08T03:46:00,2000-01-08T01:03:00,2000-01-08T03:45:00,2000-01-08T13:45:00,599,600.0,162.0,162.0
week_1_with_padding.csv,2000-01-09,AIR12,LEG_09_25,LEG_09_27,2000-01-09T01:04:00,2000-01-09T03:46:00,2000-01-09T01:03:00,2000-01-09T03:45:00,2000-01-09T13:45:00,599,600.0,162.0,162.0
week_1_with_padding.csv,2000-01-10,AIR12,LEG_10_25,LEG_10_27,2000-01-10T01:04:00,2000-01-10T03:46:00,2000-01-10T01:03:00,2000-01-10T03:45:00,2000-01-10T13:45:00,599,600.0,162.0,162.0
all_days.csv,2000-01-02,AIR12,LEG_02_25,LEG_02_27,2000-01-02T01:04:00,2000-01-02T03:46:00,2000-01-02T01:03:00,2000-01-02T03:45:00,2000-01-02T13:45:00,599,600.0,162.0,162.0
all_days.csv,2000-01-03,AIR12,LEG_03_25,LEG_03_27,2000-01-03T01:04:00,2000-01-03T03:46:00,2000-01-03T01:03:00,2000-01-03T03:45:00,2000-01-03T13:45:00,599,600.0,162.0,162.0
all_days.csv,2000-01-04,AIR12,LEG_04_25,LEG_04_27,2000-01-04T01:04:00,2000-01-04T03:46:00,2000-01-04T01:03:00,2000-01-04T03:45:00,2000-01-04T13:45:00,599,600.0,162.0,162.0
all_days.csv,2000-01-05,AIR12,LEG_05_22,LEG_05_24,2000-01-05T01:04:00,2000-01-05T03:46:00,2000-01-05T01:03:00,2000-01-05T03:45:00,2000-01-05T13:45:00,599,600.0,162.0,162.0
all_days.csv,2000-01-06,AIR12,LEG_06_22,LEG_06_24,2000-01-06T01:04:00,2000-01-06T03:46:00,2000-01-06T01:03:00,2000-01-06T03:45:00,2000-01-06T13:45:00,599,600.0,162.0,162.0
all_days.csv,2000-01-07,AIR12,LEG_07_25,LEG_07_27,2000-01-07T01:04:00,2000-01-07T03:46:00,2000-01-07T01:03:00,2000-01-07T03:45:00,2000-01-07T13:45:00,599,600.0,162.0,162.0
all_days.csv,2000-01-08,AIR12,LEG_08_25,LEG_08_27,2000-01-08T01:04:00,2000-01-08T03:46:00,2000-01-08T01:03:00,2000-01-08T03:45:00,2000-01-08T13:45:00,599,600.0,162.0,162.0
all_days.csv,2000-01-09,AIR12,LEG_09_25,LEG_09_27,2000-01-09T01:04:00,2000-01-09T03:46:00,2000-01-09T01:03:00,2000-01-09T03:45:00,2000-01-09T13:45:00,599,600.0,162.0,162.0
all_days.csv,2000-01-10,AIR12,LEG_10_25,LEG_10_27,2000-01-10T01:04:00,2000-01-10T03:46:00,2000-01-10T01:03:00,2000-01-10T03:45:00,2000-01-10T13:45:00,599,600.0,162.0,162.0
all_days.csv,2000-01-11,AIR12,LEG_11_25,LEG_11_27,2000-01-11T01:04:00,2000-01-11T03:46:00,2000-01-11T01:03:00,2000-01-11T03:45:00,2000-01-11T13:45:00,599,600.0,162.0,162.0
all_days.csv,2000-01-12,AIR12,LEG_12_22,LEG_12_24,2000-01-12T01:04:00,2000-01-12T03:46:00,2000-01-12T01:03:00,2000-01-12T03:45:00,2000-01-12T13:45:00,599,600.0,162.0,162.0
all_days.csv,2000-01-13,AIR12,LEG_13_22,LEG_13_24,2000-01-13T01:04:00,2000-01-13T03:46:00,2000-01-13T01:03:00,2000-01-13T03:45:00,2000-01-13T13:45:00,599,600.0,162.0,162.0
all_days.csv,2000-01-14,AIR12,LEG_14_26,LEG_14_28,2000-01-14T01:04:00,2000-01-14T03:46:00,2000-01-14T01:03:00,2000-01-14T03:45:00,2000-01-14T13:45:00,599,600.0,162.0,162.0
