pairing,first,second,airport,arrival,departure,gap_minutes
6,LEG_29_27,LEG_29_14,AIR3,2000-01-29 02:59:00,2000-01-29 12:00:00,541.0
102,LEG_31_27,LEG_31_14,AIR3,2000-01-31 02:59:00,2000-01-31 12:00:00,541.0
137,LEG_30_27,LEG_30_14,AIR3,2000-01-30 02:59:00,2000-01-30 12:00:00,541.0
68,LEG_27_0,LEG_27_12,AIR18,2000-01-27 04:15:00,2000-01-27 13:20:00,545.0
15,LEG_17_17,LEG_17_26,AIR2,2000-01-17 01:52:00,2000-01-17 11:10:00,558.0
20,LEG_15_17,LEG_15_26,AIR2,2000-01-15 01:52:00,2000-01-15 11:10:00,558.0
35,LEG_24_17,LEG_24_26,AIR2,2000-01-24 01:52:00,2000-01-24 11:10:00,558.0
46,LEG_16_17,LEG_16_26,AIR2,2000-01-16 01:52:00,2000-01-16 11:10:00,558.0
56,LEG_19_12,LEG_19_23,AIR2,2000-01-19 01:52:00,2000-01-19 11:10:00,558.0
61,LEG_21_16,LEG_21_25,AIR2,2000-01-21 01:52:00,2000-01-21 11:10:00,558.0
67,LEG_25_17,LEG_25_26,AIR2,2000-01-25 01:52:00,2000-01-25 11:10:00,558.0
76,LEG_22_17,LEG_22_26,AIR2,2000-01-22 01:52:00,2000-01-22 11:10:00,558.0
105,LEG_23_17,LEG_23_26,AIR2,2000-01-23 01:52:00,2000-01-23 11:10:00,558.0
114,LEG_26_12,LEG_26_23,AIR2,2000-01-26 01:52:00,2000-01-26 11:10:00,558.0
164,LEG_18_17,LEG_18_26,AIR2,2000-01-18 01:52:00,2000-01-18 11:10:00,558.0
89,TDH_LEG_28_12,LEG_28_13,BASE1,2000-01-28 03:20:00,2000-01-28 12:50:00,570.0
1,LEG_30_11,LEG_30_0,BASE1,2000-01-30 03:20:00,2000-01-30 13:00:00,580.0
135,LEG_31_11,LEG_31_0,BASE1,2000-01-31 03:20:00,2000-01-31 13:00:00,580.0
59,LEG_20_12,LEG_20_1,AIR2,2000-01-20 01:52:00,2000-01-20 11:40:00,588.0
25,LEG_08_25,LEG_08_27,AIR12,2000-01-08 03:46:00,2000-01-08 13:45:00,599.0
44,LEG_09_25,LEG_09_27,AIR12,2000-01-09 03:46:00,2000-01-09 13:45:00,599.0
71,LEG_10_25,LEG_10_27,AIR12,2000-01-10 03:46:00,2000-01-10 13:45:00,599.0
93,LEG_05_22,LEG_05_24,AIR12,2000-01-05 03:46:00,2000-01-05 13:45:00,599.0
95,LEG_02_25,LEG_02_27,AIR12,2000-01-02 03:46:00,2000-01-02 13:45:00,599.0
122,LEG_13_22,LEG_13_24,AIR12,2000-01-13 03:46:00,2000-01-13 13:45:00,599.0
123,LEG_14_26,LEG_14_28,AIR12,2000-01-14 03:46:00,2000-01-14 13:45:00,599.0
127,LEG_03_25,LEG_03_27,AIR12,2000-01-03 03:46:00,2000-01-03 13:45:00,599.0
128,LEG_04_25,LEG_04_27,AIR12,2000-01-04 03:46:00,2000-01-04 13:45:00,599.0
131,LEG_12_22,LEG_12_24,AIR12,2000-01-12 03:46:00,2000-01-12 13:45:00,599.0
139,LEG_11_25,LEG_11_27,AIR12,2000-01-11 03:46:00,2000-01-11 13:45:00,599.0
145,LEG_07_25,LEG_07_27,AIR12,2000-01-07 03:46:00,2000-01-07 13:45:00,599.0
162,LEG_06_22,LEG_06_24,AIR12,2000-01-06 03:46:00,2000-01-06 13:45:00,599.0
