flight_id,origin,destination,departure,required,initial_pairing_count,legally_coverable,initial_lp_artificial
LEG_01_0,BASE1,AIR1,2000-01-01T12:00:00,True,97,True,0.0
LEG_01_1,AIR1,BASE2,2000-01-01T14:05:00,True,97,True,0.0
LEG_01_2,AIR3,BASE2,2000-01-01T17:45:00,True,6,True,0.6923076923076923
LEG_01_3,BASE2,AIR2,2000-01-01T19:24:00,True,64,True,0.0
LEG_01_4,AIR5,BASE2,2000-01-01T20:35:00,True,4,True,0.4615384615384615
LEG_01_5,BASE2,AIR4,2000-01-01T23:11:00,True,18,True,0.30769230769230765
LEG_01_6,BASE2,AIR6,2000-01-01T14:21:00,True,18,True,0.0
LEG_01_8,AIR6,BASE2,2000-01-01T17:40:00,True,15,True,0.0
LEG_01_9,BASE2,AIR7,2000-01-01T21:19:00,True,15,True,0.6923076923076923
LEG_01_11,BASE1,AIR9,2000-01-01T15:24:00,True,15,True,0.8461538461538461
LEG_01_12,BASE1,AIR9,2000-01-01T18:30:00,True,4,True,1.0
LEG_01_14,BASE2,AIR11,2000-01-01T21:16:00,True,22,True,0.0
LEG_01_15,AIR9,BASE2,2000-01-01T17:05:00,True,3,True,1.0
LEG_01_16,AIR2,BASE1,2000-01-01T19:30:00,True,7,True,0.30769230769230765
LEG_01_17,BASE1,AIR10,2000-01-01T22:01:00,True,6,True,0.0
LEG_01_18,BASE3,AIR9,2000-01-01T14:05:00,True,6,True,1.0
LEG_01_19,AIR9,BASE3,2000-01-01T19:20:00,True,7,True,1.0
LEG_01_20,AIR9,BASE3,2000-01-01T23:05:00,True,3,True,1.0
LEG_01_21,BASE2,AIR5,2000-01-01T17:56:00,True,7,True,0.4615384615384615
LEG_01_23,BASE3,AIR6,2000-01-01T22:20:00,True,6,True,1.0
LEG_01_25,AIR4,BASE2,2000-01-01T23:00:00,True,3,True,0.30769230769230765
LEG_01_26,BASE2,AIR2,2000-01-01T17:47:00,True,12,True,0.30769230769230765
LEG_01_28,AIR12,BASE2,2000-01-01T17:00:00,True,3,True,0.0
LEG_01_29,BASE2,AIR4,2000-01-01T21:06:00,True,12,True,0.0
LEG_01_30,BASE2,AIR12,2000-01-01T12:59:00,True,6,True,0.0
LEG_01_31,BASE2,AIR3,2000-01-01T16:13:00,True,9,True,0.6923076923076923
LEG_01_32,BASE2,AIR8,2000-01-01T23:26:00,True,3,True,1.0
LEG_01_33,AIR2,BASE2,2000-01-01T21:00:00,True,28,True,0.0
LEG_02_0,AIR3,BASE2,2000-01-02T17:45:00,True,3,True,1.0
LEG_02_1,BASE2,AIR2,2000-01-02T19:24:00,True,96,True,0.0
LEG_02_2,AIR13,BASE2,2000-01-02T13:20:00,True,15,True,0.0
LEG_02_3,BASE2,AIR13,2000-01-02T10:41:00,True,18,True,0.0
LEG_02_4,AIR5,BASE2,2000-01-02T20:35:00,True,4,True,0.15384615384615383
LEG_02_5,BASE2,AIR4,2000-01-02T23:11:00,True,27,True,0.0
LEG_02_6,BASE2,AIR6,2000-01-02T14:21:00,True,13,True,0.0
LEG_02_7,AIR4,BASE2,2000-01-02T12:20:00,True,27,True,0.0
LEG_02_8,AIR6,BASE2,2000-01-02T17:40:00,True,19,True,0.0
LEG_02_9,BASE2,AIR7,2000-01-02T21:19:00,True,4,True,0.3076923076923077
LEG_02_10,AIR8,BASE1,2000-01-02T12:40:00,True,3,True,1.0
LEG_02_11,BASE1,AIR9,2000-01-02T15:24:00,True,20,True,0.0
LEG_02_12,BASE1,AIR9,2000-01-02T18:30:00,True,5,True,1.0
LEG_02_13,AIR10,BASE1,2000-01-02T14:20:00,True,6,True,0.0
LEG_02_14,BASE2,AIR11,2000-01-02T21:16:00,True,12,True,0.38461538461538464
LEG_02_15,AIR9,BASE2,2000-01-02T17:05:00,True,12,True,0.8461538461538461
LEG_02_16,AIR2,BASE1,2000-01-02T19:30:00,True,41,True,1.0
LEG_02_17,BASE1,AIR10,2000-01-02T22:01:00,True,6,True,0.0
LEG_02_18,BASE3,AIR9,2000-01-02T14:05:00,True,12,True,0.8461538461538461
LEG_02_19,AIR9,BASE3,2000-01-02T19:20:00,True,8,True,0.5384615384615384
LEG_02_20,AIR9,BASE3,2000-01-02T23:05:00,True,4,True,1.0
LEG_02_21,BASE2,AIR5,2000-01-02T17:56:00,True,4,True,0.15384615384615383
LEG_02_22,AIR6,BASE2,2000-01-02T14:00:00,True,0,True,1.0
LEG_02_23,BASE3,AIR6,2000-01-02T22:20:00,True,5,True,0.923076923076923
LEG_02_24,AIR4,BASE2,2000-01-02T23:00:00,True,3,True,0.6923076923076923
LEG_02_25,BASE2,AIR12,2000-01-02T01:04:00,True,3,True,0.0
LEG_02_26,BASE2,AIR2,2000-01-02T17:47:00,True,4,True,1.0
LEG_02_27,AIR12,BASE2,2000-01-02T13:45:00,True,3,True,1.0
LEG_02_28,AIR12,BASE2,2000-01-02T17:00:00,True,3,True,0.0
LEG_02_29,BASE2,AIR4,2000-01-02T21:06:00,True,6,True,0.6923076923076923
LEG_02_30,BASE2,AIR12,2000-01-02T12:59:00,True,3,True,0.0
LEG_02_31,BASE2,AIR3,2000-01-02T16:13:00,True,3,True,0.0
LEG_02_32,AIR7,BASE2,2000-01-02T10:10:00,True,15,True,0.6923076923076923
LEG_02_33,BASE2,AIR8,2000-01-02T23:26:00,True,22,True,0.0
LEG_02_34,AIR2,BASE2,2000-01-02T21:00:00,True,16,True,1.0
LEG_02_35,AIR11,BASE2,2000-01-02T00:00:00,True,14,True,0.0
LEG_03_0,AIR3,BASE2,2000-01-03T17:45:00,True,3,True,0.0
LEG_03_1,BASE2,AIR2,2000-01-03T19:24:00,True,80,True,0.0
LEG_03_2,AIR13,BASE2,2000-01-03T13:20:00,True,15,True,0.0
LEG_03_3,BASE2,AIR13,2000-01-03T10:41:00,True,15,True,0.0
LEG_03_4,AIR5,BASE2,2000-01-03T20:35:00,True,3,True,1.0
LEG_03_5,BASE2,AIR4,2000-01-03T23:11:00,True,6,True,0.0
LEG_03_6,BASE2,AIR6,2000-01-03T14:21:00,True,12,True,0.0
LEG_03_7,AIR4,BASE2,2000-01-03T12:20:00,True,30,True,0.0
LEG_03_8,AIR6,BASE2,2000-01-03T17:40:00,True,17,True,0.0
LEG_03_9,BASE2,AIR7,2000-01-03T21:19:00,True,3,True,0.3846153846153847
LEG_03_10,AIR8,BASE1,2000-01-03T12:40:00,True,12,True,0.6923076923076923
LEG_03_11,BASE1,AIR9,2000-01-03T15:24:00,True,61,True,0.0
LEG_03_12,BASE1,AIR9,2000-01-03T18:30:00,True,3,True,0.6923076923076923
LEG_03_13,AIR10,BASE1,2000-01-03T14:20:00,True,6,True,0.0
LEG_03_14,BASE2,AIR11,2000-01-03T21:16:00,True,3,True,0.6923076923076923
LEG_03_15,AIR9,BASE2,2000-01-03T17:05:00,True,29,True,0.0
LEG_03_16,AIR2,BASE1,2000-01-03T19:30:00,True,72,True,0.0
LEG_03_17,BASE1,AIR10,2000-01-03T22:01:00,True,9,True,0.5384615384615384
LEG_03_18,BASE3,AIR9,2000-01-03T14:05:00,True,14,True,0.3076923076923077
LEG_03_19,AIR9,BASE3,2000-01-03T19:20:00,True,9,True,1.0
LEG_03_20,AIR9,BASE3,2000-01-03T23:05:00,True,3,True,0.6153846153846154
LEG_03_21,BASE2,AIR5,2000-01-03T17:56:00,True,3,True,0.8461538461538463
LEG_03_22,AIR6,BASE2,2000-01-03T14:00:00,True,0,True,1.0
LEG_03_23,BASE3,AIR6,2000-01-03T22:20:00,True,4,True,1.0
LEG_03_24,AIR4,BASE2,2000-01-03T23:00:00,True,3,True,1.0
LEG_03_25,BASE2,AIR12,2000-01-03T01:04:00,True,3,True,1.0
LEG_03_26,BASE2,AIR2,2000-01-03T17:47:00,True,3,True,0.8461538461538461
LEG_03_27,AIR12,BASE2,2000-01-03T13:45:00,True,3,True,0.0
LEG_03_28,AIR12,BASE2,2000-01-03T17:00:00,True,3,True,1.0
LEG_03_29,BASE2,AIR4,2000-01-03T21:06:00,True,7,True,1.0
LEG_03_30,BASE2,AIR12,2000-01-03T12:59:00,True,3,True,0.0
LEG_03_31,BASE2,AIR3,2000-01-03T16:13:00,True,3,True,0.3076923076923076
LEG_03_32,AIR7,BASE2,2000-01-03T10:10:00,True,4,True,0.30769230769230765
LEG_03_33,BASE2,AIR8,2000-01-03T23:26:00,True,11,True,0.30769230769230765
LEG_03_34,AIR2,BASE2,2000-01-03T21:00:00,True,23,True,1.0
LEG_03_35,AIR11,BASE2,2000-01-03T00:00:00,True,13,True,1.0
LEG_04_0,AIR3,BASE2,2000-01-04T17:45:00,True,6,True,0.0
LEG_04_1,BASE2,AIR2,2000-01-04T19:24:00,True,64,True,0.0
LEG_04_2,AIR13,BASE2,2000-01-04T13:20:00,True,10,True,0.0
LEG_04_3,BASE2,AIR13,2000-01-04T10:41:00,True,10,True,0.0
LEG_04_4,AIR5,BASE2,2000-01-04T20:35:00,True,6,True,0.1538461538461539
LEG_04_5,BASE2,AIR4,2000-01-04T23:11:00,True,7,True,0.3846153846153847
LEG_04_6,BASE2,AIR6,2000-01-04T14:21:00,True,3,True,1.0
LEG_04_7,AIR4,BASE2,2000-01-04T12:20:00,True,10,True,0.0
LEG_04_8,AIR6,BASE2,2000-01-04T17:40:00,True,10,True,0.923076923076923
LEG_04_9,BASE2,AIR7,2000-01-04T21:19:00,True,5,True,1.0
LEG_04_10,AIR8,BASE1,2000-01-04T12:40:00,True,15,True,0.30769230769230765
LEG_04_11,BASE1,AIR9,2000-01-04T15:24:00,True,65,True,0.0
LEG_04_12,BASE1,AIR9,2000-01-04T18:30:00,True,6,True,1.0
LEG_04_13,AIR10,BASE1,2000-01-04T14:20:00,True,5,True,1.0
LEG_04_14,BASE2,AIR11,2000-01-04T21:16:00,True,7,True,0.38461538461538464
LEG_04_15,AIR9,BASE2,2000-01-04T17:05:00,True,57,True,0.0
LEG_04_16,AIR2,BASE1,2000-01-04T19:30:00,True,51,True,0.0
LEG_04_17,BASE1,AIR10,2000-01-04T22:01:00,True,10,True,1.0
LEG_04_18,BASE3,AIR9,2000-01-04T14:05:00,True,7,True,0.6153846153846154
LEG_04_19,AIR9,BASE3,2000-01-04T19:20:00,True,21,True,0.3076923076923077
LEG_04_20,AIR9,BASE3,2000-01-04T23:05:00,True,4,True,1.0
LEG_04_21,BASE2,AIR5,2000-01-04T17:56:00,True,3,True,0.30769230769230765
LEG_04_22,AIR6,BASE2,2000-01-04T14:00:00,True,0,True,1.0
LEG_04_23,BASE3,AIR6,2000-01-04T22:20:00,True,9,True,0.6923076923076923
LEG_04_24,AIR4,BASE2,2000-01-04T23:00:00,True,9,True,1.0
LEG_04_25,BASE2,AIR12,2000-01-04T01:04:00,True,6,True,1.0
LEG_04_26,BASE2,AIR2,2000-01-04T17:47:00,True,3,True,1.0
LEG_04_27,AIR12,BASE2,2000-01-04T13:45:00,True,3,True,0.0
LEG_04_28,AIR12,BASE2,2000-01-04T17:00:00,True,9,True,1.0
LEG_04_29,BASE2,AIR4,2000-01-04T21:06:00,True,10,True,1.0
LEG_04_30,BASE2,AIR12,2000-01-04T12:59:00,True,6,True,0.0
LEG_04_31,BASE2,AIR3,2000-01-04T16:13:00,True,3,True,0.6923076923076924
LEG_04_32,AIR7,BASE2,2000-01-04T10:10:00,True,3,True,0.3846153846153847
LEG_04_33,BASE2,AIR8,2000-01-04T23:26:00,True,13,True,0.5384615384615384
LEG_04_34,AIR2,BASE2,2000-01-04T21:00:00,True,45,True,0.23076923076923078
LEG_04_35,AIR11,BASE2,2000-01-04T00:00:00,True,7,True,0.38461538461538464
LEG_05_0,AIR3,BASE2,2000-01-05T17:45:00,True,4,True,1.0
LEG_05_1,AIR13,BASE2,2000-01-05T13:20:00,True,64,True,0.0
LEG_05_2,BASE2,AIR13,2000-01-05T10:41:00,True,61,True,0.0
LEG_05_3,AIR5,BASE2,2000-01-05T20:35:00,True,10,True,0.15384615384615374
LEG_05_4,BASE2,AIR6,2000-01-05T14:21:00,True,5,True,0.6923076923076923
LEG_05_5,AIR4,BASE2,2000-01-05T12:20:00,True,8,True,0.3846153846153847
LEG_05_6,AIR6,BASE2,2000-01-05T17:40:00,True,7,True,0.6923076923076923
LEG_05_7,AIR8,BASE1,2000-01-05T12:40:00,True,12,True,0.0
LEG_05_8,BASE1,AIR9,2000-01-05T15:24:00,True,30,True,0.0
LEG_05_9,BASE1,AIR9,2000-01-05T18:30:00,True,6,True,0.5384615384615384
LEG_05_10,AIR10,BASE1,2000-01-05T14:20:00,True,13,True,0.5384615384615384
LEG_05_11,AIR9,BASE2,2000-01-05T17:05:00,True,57,True,0.0
LEG_05_12,AIR14,BASE1,2000-01-05T22:40:00,True,48,True,0.3076923076923077
LEG_05_13,AIR2,BASE1,2000-01-05T19:30:00,True,72,True,0.0
LEG_05_14,BASE1,AIR10,2000-01-05T22:01:00,True,6,True,0.923076923076923
LEG_05_15,BASE3,AIR9,2000-01-05T14:05:00,True,13,True,0.6153846153846154
LEG_05_16,AIR9,BASE3,2000-01-05T19:20:00,True,12,True,0.15384615384615383
LEG_05_17,AIR9,BASE3,2000-01-05T23:05:00,True,7,True,0.5384615384615384
LEG_05_18,BASE2,AIR5,2000-01-05T17:56:00,True,10,True,0.15384615384615385
LEG_05_19,AIR6,BASE2,2000-01-05T14:00:00,True,3,True,1.0
LEG_05_20,BASE3,AIR6,2000-01-05T22:20:00,True,6,True,0.4615384615384615
LEG_05_21,BASE2,AIR14,2000-01-05T20:57:00,True,48,True,0.30769230769230776
LEG_05_22,BASE2,AIR12,2000-01-05T01:04:00,True,7,True,1.0
LEG_05_23,BASE2,AIR2,2000-01-05T17:47:00,True,31,True,0.3846153846153846
LEG_05_24,AIR12,BASE2,2000-01-05T13:45:00,True,3,True,0.0
LEG_05_25,AIR12,BASE2,2000-01-05T17:00:00,True,6,True,1.0
LEG_05_26,BASE2,AIR12,2000-01-05T12:59:00,True,3,True,1.0
LEG_05_27,BASE2,AIR3,2000-01-05T16:13:00,True,4,True,1.0
LEG_05_28,AIR7,BASE2,2000-01-05T10:10:00,True,5,True,1.0
LEG_05_29,BASE2,AIR8,2000-01-05T19:21:00,True,3,True,0.8461538461538461
LEG_05_30,AIR11,BASE2,2000-01-05T00:00:00,True,10,True,0.07692307692307691
LEG_06_0,AIR15,BASE1,2000-01-06T21:05:00,True,5,True,1.0
LEG_06_1,BASE1,AIR16,2000-01-06T12:18:00,True,42,True,0.0
LEG_06_2,AIR3,BASE2,2000-01-06T17:45:00,True,4,True,1.0
LEG_06_3,BASE2,AIR2,2000-01-06T19:24:00,True,42,True,0.0
LEG_06_4,AIR5,BASE2,2000-01-06T20:35:00,True,5,True,0.3076923076923077
LEG_06_5,BASE2,AIR4,2000-01-06T23:11:00,True,5,True,0.6153846153846154
LEG_06_6,BASE2,AIR7,2000-01-06T21:19:00,True,3,True,1.0
LEG_06_7,AIR8,BASE1,2000-01-06T12:40:00,True,10,True,0.6923076923076923
LEG_06_8,BASE1,AIR9,2000-01-06T15:24:00,True,8,True,0.0
LEG_06_9,BASE1,AIR9,2000-01-06T18:30:00,True,3,True,1.0
LEG_06_10,AIR10,BASE1,2000-01-06T14:20:00,True,6,True,0.923076923076923
LEG_06_11,AIR9,BASE2,2000-01-06T17:05:00,True,36,True,0.0
LEG_06_12,AIR16,BASE2,2000-01-06T14:55:00,True,42,True,0.0
LEG_06_13,AIR2,BASE1,2000-01-06T19:30:00,True,13,True,0.15384615384615385
LEG_06_14,BASE1,AIR10,2000-01-06T22:01:00,True,3,True,0.0
LEG_06_15,BASE3,AIR9,2000-01-06T14:05:00,True,7,True,0.5384615384615384
LEG_06_16,AIR9,BASE3,2000-01-06T19:20:00,True,7,True,0.0
LEG_06_17,AIR9,BASE3,2000-01-06T23:05:00,True,4,True,1.0
LEG_06_18,BASE2,AIR5,2000-01-06T17:56:00,True,5,True,0.30769230769230765
LEG_06_19,AIR6,BASE2,2000-01-06T14:00:00,True,7,True,0.15384615384615377
LEG_06_20,BASE3,AIR6,2000-01-06T22:20:00,True,3,True,0.15384615384615383
LEG_06_21,AIR4,BASE2,2000-01-06T23:00:00,True,8,True,1.0
LEG_06_22,BASE2,AIR12,2000-01-06T01:04:00,True,5,True,1.0
LEG_06_23,BASE2,AIR2,2000-01-06T17:47:00,True,14,True,0.15384615384615385
LEG_06_24,AIR12,BASE2,2000-01-06T13:45:00,True,3,True,1.0
LEG_06_25,AIR12,BASE2,2000-01-06T17:00:00,True,7,True,1.0
LEG_06_26,BASE2,AIR4,2000-01-06T21:06:00,True,9,True,1.0
LEG_06_27,BASE2,AIR12,2000-01-06T12:59:00,True,4,True,1.0
LEG_06_28,BASE2,AIR3,2000-01-06T16:13:00,True,4,True,1.0
LEG_06_29,BASE2,AIR15,2000-01-06T17:53:00,True,5,True,1.0
LEG_06_30,BASE2,AIR8,2000-01-06T23:26:00,True,5,True,1.0
LEG_06_31,AIR2,BASE2,2000-01-06T21:00:00,True,30,True,0.30769230769230765
LEG_07_0,BASE1,AIR1,2000-01-07T12:00:00,True,13,True,0.0
LEG_07_1,AIR1,BASE2,2000-01-07T14:05:00,True,13,True,0.0
LEG_07_2,AIR3,BASE2,2000-01-07T17:45:00,True,6,True,1.0
LEG_07_3,BASE2,AIR2,2000-01-07T19:24:00,True,10,True,0.0
LEG_07_4,AIR5,BASE2,2000-01-07T20:35:00,True,3,True,0.3076923076923077
LEG_07_5,BASE2,AIR4,2000-01-07T23:11:00,True,3,True,0.6923076923076923
LEG_07_6,BASE2,AIR6,2000-01-07T14:21:00,True,5,True,0.8461538461538461
LEG_07_7,AIR4,BASE2,2000-01-07T12:20:00,True,6,True,0.6153846153846154
LEG_07_8,AIR6,BASE2,2000-01-07T17:40:00,True,6,True,0.8461538461538461
LEG_07_9,BASE2,AIR7,2000-01-07T21:19:00,True,3,True,1.0
LEG_07_10,AIR8,BASE1,2000-01-07T12:40:00,True,4,True,1.0
LEG_07_11,BASE1,AIR9,2000-01-07T15:24:00,True,7,True,0.0
LEG_07_12,BASE1,AIR9,2000-01-07T18:30:00,True,3,True,1.0
LEG_07_13,AIR10,BASE1,2000-01-07T14:20:00,True,4,True,0.0
LEG_07_14,BASE2,AIR11,2000-01-07T21:16:00,True,4,True,1.0
LEG_07_15,AIR9,BASE2,2000-01-07T17:05:00,True,5,True,1.0
LEG_07_16,AIR2,BASE1,2000-01-07T19:30:00,True,12,True,0.0
LEG_07_17,BASE1,AIR10,2000-01-07T22:01:00,True,3,True,0.6923076923076923
LEG_07_18,BASE3,AIR9,2000-01-07T14:05:00,True,4,True,0.6923076923076923
LEG_07_19,AIR9,BASE3,2000-01-07T19:20:00,True,6,True,0.0
LEG_07_20,AIR9,BASE3,2000-01-07T23:05:00,True,4,True,0.6923076923076923
LEG_07_21,BASE2,AIR5,2000-01-07T17:56:00,True,3,True,0.30769230769230765
LEG_07_22,AIR6,BASE2,2000-01-07T14:00:00,True,5,True,0.15384615384615383
LEG_07_23,BASE3,AIR6,2000-01-07T22:20:00,True,3,True,0.0
LEG_07_24,AIR4,BASE2,2000-01-07T23:00:00,True,4,True,1.0
LEG_07_25,BASE2,AIR12,2000-01-07T01:04:00,True,3,True,1.0
LEG_07_26,BASE2,AIR2,2000-01-07T17:47:00,True,9,True,0.30769230769230765
LEG_07_27,AIR12,BASE2,2000-01-07T13:45:00,True,3,True,1.0
LEG_07_28,AIR12,BASE2,2000-01-07T17:00:00,True,7,True,0.38461538461538464
LEG_07_29,BASE2,AIR4,2000-01-07T21:06:00,True,4,True,1.0
LEG_07_30,BASE2,AIR12,2000-01-07T12:59:00,True,4,True,0.38461538461538464
LEG_07_31,BASE2,AIR3,2000-01-07T16:13:00,True,6,True,1.0
LEG_07_32,AIR7,BASE2,2000-01-07T10:10:00,True,3,True,1.0
LEG_07_33,BASE2,AIR8,2000-01-07T23:26:00,True,3,True,0.6153846153846154
LEG_07_34,AIR2,BASE2,2000-01-07T21:00:00,True,22,True,0.0
LEG_08_0,AIR3,BASE2,2000-01-08T17:45:00,False,0,True,
LEG_08_1,BASE2,AIR2,2000-01-08T19:24:00,False,2,True,
LEG_08_2,AIR13,BASE2,2000-01-08T13:20:00,False,0,True,
LEG_08_3,BASE2,AIR13,2000-01-08T10:41:00,False,0,True,
LEG_08_4,AIR5,BASE2,2000-01-08T20:35:00,False,0,True,
LEG_08_5,BASE2,AIR4,2000-01-08T23:11:00,False,3,True,
LEG_08_6,BASE2,AIR6,2000-01-08T14:21:00,False,1,True,
LEG_08_7,AIR4,BASE2,2000-01-08T12:20:00,False,3,True,
LEG_08_8,AIR6,BASE2,2000-01-08T17:40:00,False,4,True,
LEG_08_9,BASE2,AIR7,2000-01-08T21:19:00,False,0,True,
LEG_08_10,AIR8,BASE1,2000-01-08T12:40:00,False,3,True,
LEG_08_11,BASE1,AIR9,2000-01-08T15:24:00,False,1,True,
LEG_08_12,BASE1,AIR9,2000-01-08T18:30:00,False,0,True,
LEG_08_13,AIR10,BASE1,2000-01-08T14:20:00,False,3,True,
LEG_08_14,BASE2,AIR11,2000-01-08T21:16:00,False,0,True,
LEG_08_15,AIR9,BASE2,2000-01-08T17:05:00,False,1,True,
LEG_08_16,AIR2,BASE1,2000-01-08T19:30:00,False,0,True,
LEG_08_17,BASE1,AIR10,2000-01-08T22:01:00,False,0,True,
LEG_08_18,BASE3,AIR9,2000-01-08T14:05:00,False,0,True,
LEG_08_19,AIR9,BASE3,2000-01-08T19:20:00,False,0,True,
LEG_08_20,AIR9,BASE3,2000-01-08T23:05:00,False,0,True,
LEG_08_21,BASE2,AIR5,2000-01-08T17:56:00,False,0,True,
LEG_08_22,AIR6,BASE2,2000-01-08T14:00:00,False,0,True,
LEG_08_23,BASE3,AIR6,2000-01-08T22:20:00,False,0,True,
LEG_08_24,AIR4,BASE2,2000-01-08T23:00:00,False,0,True,
LEG_08_25,BASE2,AIR12,2000-01-08T01:04:00,False,0,True,
LEG_08_26,BASE2,AIR2,2000-01-08T17:47:00,False,0,True,
LEG_08_27,AIR12,BASE2,2000-01-08T13:45:00,False,0,True,
LEG_08_28,AIR12,BASE2,2000-01-08T17:00:00,False,0,True,
LEG_08_29,BASE2,AIR4,2000-01-08T21:06:00,False,0,True,
LEG_08_30,BASE2,AIR12,2000-01-08T12:59:00,False,0,True,
LEG_08_31,BASE2,AIR3,2000-01-08T16:13:00,False,0,True,
LEG_08_32,AIR7,BASE2,2000-01-08T10:10:00,False,3,True,
LEG_08_33,BASE2,AIR8,2000-01-08T23:26:00,False,0,True,
LEG_08_34,AIR2,BASE2,2000-01-08T21:00:00,False,2,True,
LEG_08_35,AIR11,BASE2,2000-01-08T00:00:00,False,4,True,
LEG_09_0,AIR3,BASE2,2000-01-09T17:45:00,False,0,True,
LEG_09_1,BASE2,AIR2,2000-01-09T19:24:00,False,5,True,
LEG_09_2,AIR13,BASE2,2000-01-09T13:20:00,False,0,True,
LEG_09_3,BASE2,AIR13,2000-01-09T10:41:00,False,0,True,
LEG_09_4,AIR5,BASE2,2000-01-09T20:35:00,False,0,True,
LEG_09_5,BASE2,AIR4,2000-01-09T23:11:00,False,0,True,
LEG_09_6,BASE2,AIR6,2000-01-09T14:21:00,False,0,True,
LEG_09_7,AIR4,BASE2,2000-01-09T12:20:00,False,3,True,
LEG_09_8,AIR6,BASE2,2000-01-09T17:40:00,False,0,True,
LEG_09_9,BASE2,AIR7,2000-01-09T21:19:00,False,0,True,
LEG_09_10,AIR8,BASE1,2000-01-09T12:40:00,False,1,True,
LEG_09_11,BASE1,AIR9,2000-01-09T15:24:00,False,0,True,
LEG_09_12,BASE1,AIR9,2000-01-09T18:30:00,False,0,True,
LEG_09_13,AIR10,BASE1,2000-01-09T14:20:00,False,0,True,
LEG_09_14,BASE2,AIR11,2000-01-09T21:16:00,False,0,True,
LEG_09_15,AIR9,BASE2,2000-01-09T17:05:00,False,1,True,
LEG_09_16,AIR2,BASE1,2000-01-09T19:30:00,False,0,True,
LEG_09_17,BASE1,AIR10,2000-01-09T22:01:00,False,0,True,
LEG_09_18,BASE3,AIR9,2000-01-09T14:05:00,False,0,True,
LEG_09_19,AIR9,BASE3,2000-01-09T19:20:00,False,0,True,
LEG_09_20,AIR9,BASE3,2000-01-09T23:05:00,False,0,True,
LEG_09_21,BASE2,AIR5,2000-01-09T17:56:00,False,0,True,
LEG_09_22,AIR6,BASE2,2000-01-09T14:00:00,False,0,True,
LEG_09_23,BASE3,AIR6,2000-01-09T22:20:00,False,0,True,
LEG_09_24,AIR4,BASE2,2000-01-09T23:00:00,False,0,True,
LEG_09_25,BASE2,AIR12,2000-01-09T01:04:00,False,0,True,
LEG_09_26,BASE2,AIR2,2000-01-09T17:47:00,False,0,True,
LEG_09_27,AIR12,BASE2,2000-01-09T13:45:00,False,0,True,
LEG_09_28,AIR12,BASE2,2000-01-09T17:00:00,False,0,True,
LEG_09_29,BASE2,AIR4,2000-01-09T21:06:00,False,0,True,
LEG_09_30,BASE2,AIR12,2000-01-09T12:59:00,False,0,True,
LEG_09_31,BASE2,AIR3,2000-01-09T16:13:00,False,0,True,
LEG_09_32,AIR7,BASE2,2000-01-09T10:10:00,False,0,True,
LEG_09_33,BASE2,AIR8,2000-01-09T23:26:00,False,0,True,
LEG_09_34,AIR2,BASE2,2000-01-09T21:00:00,False,2,True,
LEG_09_35,AIR11,BASE2,2000-01-09T00:00:00,False,0,True,
LEG_10_0,AIR3,BASE2,2000-01-10T17:45:00,False,0,True,
LEG_10_1,BASE2,AIR2,2000-01-10T19:24:00,False,0,True,
LEG_10_2,AIR13,BASE2,2000-01-10T13:20:00,False,3,True,
LEG_10_3,BASE2,AIR13,2000-01-10T10:41:00,False,3,True,
LEG_10_4,AIR5,BASE2,2000-01-10T20:35:00,False,0,True,
LEG_10_5,BASE2,AIR4,2000-01-10T23:11:00,False,0,False,
LEG_10_6,BASE2,AIR6,2000-01-10T14:21:00,False,0,True,
LEG_10_7,AIR4,BASE2,2000-01-10T12:20:00,False,0,True,
LEG_10_8,AIR6,BASE2,2000-01-10T17:40:00,False,0,True,
LEG_10_9,BASE2,AIR7,2000-01-10T21:19:00,False,0,False,
LEG_10_10,AIR8,BASE1,2000-01-10T12:40:00,False,0,True,
LEG_10_11,BASE1,AIR9,2000-01-10T15:24:00,False,0,True,
LEG_10_12,BASE1,AIR9,2000-01-10T18:30:00,False,0,True,
LEG_10_13,AIR10,BASE1,2000-01-10T14:20:00,False,0,True,
LEG_10_14,BASE2,AIR11,2000-01-10T21:16:00,False,0,False,
LEG_10_15,AIR9,BASE2,2000-01-10T17:05:00,False,0,True,
LEG_10_16,AIR2,BASE1,2000-01-10T19:30:00,False,8,True,
LEG_10_17,BASE1,AIR10,2000-01-10T22:01:00,False,0,False,
LEG_10_18,BASE3,AIR9,2000-01-10T14:05:00,False,0,True,
LEG_10_19,AIR9,BASE3,2000-01-10T19:20:00,False,0,True,
LEG_10_20,AIR9,BASE3,2000-01-10T23:05:00,False,0,True,
LEG_10_21,BASE2,AIR5,2000-01-10T17:56:00,False,0,True,
LEG_10_22,AIR6,BASE2,2000-01-10T14:00:00,False,0,True,
LEG_10_23,BASE3,AIR6,2000-01-10T22:20:00,False,0,False,
LEG_10_24,AIR4,BASE2,2000-01-10T23:00:00,False,0,True,
LEG_10_25,BASE2,AIR12,2000-01-10T01:04:00,False,0,True,
LEG_10_26,BASE2,AIR2,2000-01-10T17:47:00,False,5,True,
LEG_10_27,AIR12,BASE2,2000-01-10T13:45:00,False,0,True,
LEG_10_28,AIR12,BASE2,2000-01-10T17:00:00,False,0,True,
LEG_10_29,BASE2,AIR4,2000-01-10T21:06:00,False,0,True,
LEG_10_30,BASE2,AIR12,2000-01-10T12:59:00,False,0,True,
LEG_10_31,BASE2,AIR3,2000-01-10T16:13:00,False,0,True,
LEG_10_32,AIR7,BASE2,2000-01-10T10:10:00,False,0,True,
LEG_10_33,BASE2,AIR8,2000-01-10T23:26:00,False,0,False,
LEG_10_34,AIR2,BASE2,2000-01-10T21:00:00,False,0,True,
LEG_10_35,AIR11,BASE2,2000-01-10T00:00:00,False,0,True,
