config,iteration,top_k,states_per_start,neg_per_start_cap,new_per_iteration_cap,artificials_before,artificials_after,new_columns,total_columns,pricing_sec,master_sec,states_visited,starts_visited,starts_with_negative,closed_pairings_checked,avg_negative_per_visited_start,median_negative_per_visited_start,master_objective
K20_S500_P500_G2000,1,20,500,500,2000,111,88,2000,3298,0.309843,0.310388,13592,42,25,2305,47.619,16.0,38974708.71517276
K20_S500_P500_G2000,2,20,500,500,2000,88,66,2000,5298,0.374948,0.435743,16393,46,29,2942,43.478,17.5,23941776.48579146
K20_S500_P500_G2000,3,20,500,500,2000,66,44,2000,7298,0.440321,0.676338,20984,59,30,4030,33.898,5,13467896.816499721
K20_S500_P500_G2000,4,20,500,500,2000,44,33,2000,9298,0.292397,0.671645,12393,32,20,2535,62.5,29.0,8321884.176322081
K20_S500_P500_G2000,5,20,500,500,2000,33,17,2000,11298,0.461667,1.971806,14548,44,21,3293,45.455,0.0,4394437.839001186
K20_S500_P500_G2000,6,20,500,500,2000,17,11,2000,13298,1.525275,1.291511,26411,73,29,5515,27.397,0,3644466.348718372
K20_S500_P500_G2000,7,20,500,500,2000,11,6,2000,15298,1.378344,0.930598,52449,156,44,10405,12.821,0.0,2274476.904829546
K20_S500_P500_G2000,8,20,500,500,2000,6,2,2000,17298,0.928838,0.916381,49697,140,49,9564,14.286,0.0,2001551.9670175444
K20_S500_P500_G2000,9,20,500,500,2000,2,2,2000,19298,1.902869,0.867461,113685,320,101,24053,6.25,0.0,1501382.400588406
K20_S500_P500_G2000,10,20,500,500,2000,2,1,2000,21298,4.495041,0.997952,278779,784,176,54466,2.551,0.0,1001270.9629629629
K20_S1000_P500_G2000,1,20,1000,500,2000,111,103,2000,3298,0.27215,0.340406,12722,20,13,2197,100,56.0,47867595.93041237
K20_S1000_P500_G2000,2,20,1000,500,2000,103,78,2000,5298,0.30985,0.521209,13810,18,14,2138,111.111,51.0,28077526.649938196
K20_S1000_P500_G2000,3,20,1000,500,2000,78,58,2000,7298,0.6742,0.773158,19491,29,15,3706,68.966,15,20889089.624422982
K20_S1000_P500_G2000,4,20,1000,500,2000,58,39,2000,9298,0.3659,0.741104,11110,18,11,2229,111.111,47.5,14671519.992289744
K20_S1000_P500_G2000,5,20,1000,500,2000,39,26,2000,11298,0.377073,0.713065,19484,33,13,3848,60.606,0,7303923.008619064
K20_S1000_P500_G2000,6,20,1000,500,2000,26,17,2000,13298,0.356094,0.691655,16229,23,14,2875,86.957,8,4673062.580051522
K20_S1000_P500_G2000,7,20,1000,500,2000,17,9,2000,15298,0.801696,0.866343,41566,67,25,7347,29.851,0,2975723.87004023
K20_S1000_P500_G2000,8,20,1000,500,2000,9,3,2000,17298,0.694847,1.039719,44489,73,24,8778,27.397,0,2001788.113768116
K20_S1000_P500_G2000,9,20,1000,500,2000,3,3,2000,19298,0.594808,0.947073,34412,51,21,7569,39.216,0,2001608.6506802717
K20_S1000_P500_G2000,10,20,1000,500,2000,3,3,2000,21298,1.354656,1.085105,76675,113,37,14694,17.699,0,2001536.6252525253
K20_S2000_P500_G2000,1,20,2000,500,2000,111,115,2000,3298,0.380403,0.346128,13602,13,8,2200,153.846,107,64971324.95503019
K20_S2000_P500_G2000,2,20,2000,500,2000,115,80,2000,5298,0.460968,0.455691,18579,13,10,2274,153.846,86,38328440.10628885
K20_S2000_P500_G2000,3,20,2000,500,2000,80,69,2000,7298,0.571045,0.516019,18531,17,7,3866,117.647,0,29567326.728225082
K20_S2000_P500_G2000,4,20,2000,500,2000,69,69,2000,9298,0.132917,0.608492,7202,9,4,2022,222.222,0,25805906.51431032
K20_S2000_P500_G2000,5,20,2000,500,2000,69,49,2000,11298,0.407092,0.654536,17208,17,8,3164,117.647,0,17848572.00557842
K20_S2000_P500_G2000,6,20,2000,500,2000,49,38,2000,13298,0.32151,0.712125,15759,12,8,2573,166.667,111.5,11713925.429333828
K20_S2000_P500_G2000,7,20,2000,500,2000,38,24,2000,15298,0.655064,1.002729,32644,31,16,3928,64.516,5,8241159.93634904
K20_S2000_P500_G2000,8,20,2000,500,2000,24,24,2000,17298,0.431736,0.993351,24965,22,10,4297,90.909,0.0,7639415.20889419
K20_S2000_P500_G2000,9,20,2000,500,2000,24,20,2000,19298,0.305865,1.25215,10560,9,6,2415,222.222,85,7372058.746245137
K20_S2000_P500_G2000,10,20,2000,500,2000,20,15,2000,21298,0.701197,1.525538,36197,30,11,6820,66.667,0.0,4787988.770010184
K20_S3000_P500_G2000,1,20,3000,500,2000,111,110,2000,3298,0.406855,0.424188,13650,11,6,2143,181.818,85,67112611.73333333
K20_S3000_P500_G2000,2,20,3000,500,2000,110,84,2000,5298,0.547035,0.498938,24037,13,10,2524,153.846,58,40008510.78484794
K20_S3000_P500_G2000,3,20,3000,500,2000,84,65,2000,7298,0.569634,0.514344,18798,13,7,3186,153.846,27,30901597.80625633
K20_S3000_P500_G2000,4,20,3000,500,2000,65,64,2000,9298,0.163098,0.614259,7122,9,4,2022,222.222,0,28768856.148066618
K20_S3000_P500_G2000,5,20,3000,500,2000,64,53,2000,11298,0.391283,0.706196,16611,15,7,2848,133.333,0,19641553.932387054
K20_S3000_P500_G2000,6,20,3000,500,2000,53,47,2000,13298,0.309041,0.699408,13601,9,6,2190,222.222,162,15868135.16888773
K20_S3000_P500_G2000,7,20,3000,500,2000,47,35,2000,15298,0.41831,0.738411,27731,18,10,2774,111.111,54.0,9625652.779902324
K20_S3000_P500_G2000,8,20,3000,500,2000,35,33,2000,17298,0.413292,0.958231,29080,20,9,3816,100,0.0,8602817.071302406
K20_S3000_P500_G2000,9,20,3000,500,2000,33,27,2000,19298,0.232758,0.968126,13307,9,5,2992,222.222,102,7809194.137519861
K20_S3000_P500_G2000,10,20,3000,500,2000,27,21,2000,21298,0.372251,1.179279,22434,15,7,4649,133.333,0,6206754.919659489
K10_S2000_P500_G2000,1,10,2000,500,2000,111,88,2000,3298,0.23001,0.254491,13543,21,14,2144,95.238,60,36252863.642538756
K10_S2000_P500_G2000,2,10,2000,500,2000,88,52,2000,5298,0.37406,0.485863,18362,17,13,2494,117.647,69,18366535.129615635
K10_S2000_P500_G2000,3,10,2000,500,2000,52,43,2000,7298,0.475452,0.552387,19324,24,13,3466,83.333,14.0,14019601.527000336
K10_S2000_P500_G2000,4,10,2000,500,2000,43,26,2000,9298,0.26508,0.847934,12029,19,12,2299,105.263,47,9324129.778631337
K10_S2000_P500_G2000,5,10,2000,500,2000,26,18,2000,11298,0.385453,0.953093,16850,20,11,2674,100,2.5,6722683.269480209
K10_S2000_P500_G2000,6,10,2000,500,2000,18,8,2000,13298,0.487159,0.999018,23737,24,18,4304,83.333,36.5,4147269.2785400758
K10_S2000_P500_G2000,7,10,2000,500,2000,8,8,2000,15298,0.97743,1.657547,45274,43,17,7662,46.512,0,3251751.749334491
K10_S2000_P500_G2000,8,10,2000,500,2000,8,9,2000,17298,1.334094,1.060453,70958,73,29,13134,27.397,0,3074486.9756060606
K10_S2000_P500_G2000,9,10,2000,500,2000,9,6,2000,19298,0.997328,1.123447,62478,67,22,12065,29.851,0,3001548.930919423
K10_S2000_P500_G2000,10,10,2000,500,2000,6,4,2000,21298,1.448742,1.134925,113614,110,43,20325,18.182,0.0,2501432.250655431
K30_S2000_P500_G2000,1,30,2000,500,2000,111,117,2000,3298,0.297647,0.308856,10844,11,6,2528,181.818,26,67586412.50377358
K30_S2000_P500_G2000,2,30,2000,500,2000,117,96,2000,5298,0.360869,0.420096,18581,13,10,2327,153.846,65,43625253.028346196
K30_S2000_P500_G2000,3,30,2000,500,2000,96,84,2000,7298,0.359314,0.41244,14125,13,6,2879,153.846,0,35681855.184662655
K30_S2000_P500_G2000,4,30,2000,500,2000,84,74,2000,9298,0.099546,0.506717,6652,9,4,2033,222.222,0,30918072.14954018
K30_S2000_P500_G2000,5,30,2000,500,2000,74,58,2000,11298,0.271918,0.95422,12793,15,7,2950,133.333,0,21927912.849178202
K30_S2000_P500_G2000,6,30,2000,500,2000,58,46,2000,13298,0.413312,0.836667,15109,12,8,2608,166.667,66.5,15978903.632381696
K30_S2000_P500_G2000,7,30,2000,500,2000,46,29,2000,15298,0.779199,0.908015,37415,33,13,5188,60.606,0,11616273.129171826
K30_S2000_P500_G2000,8,30,2000,500,2000,29,27,2000,17298,0.466699,0.947214,23225,21,8,4294,95.238,0,9596686.32971318
K30_S2000_P500_G2000,9,30,2000,500,2000,27,27,2000,19298,0.310046,1.075529,10586,10,6,2765,200,35.0,8517036.248638991
K30_S2000_P500_G2000,10,30,2000,500,2000,27,22,2000,21298,0.341375,1.100199,19021,15,7,5123,133.333,0,7194441.149986416
K20_S2000_P100_G2000,1,20,2000,100,2000,111,76,2000,3298,0.488983,0.284999,23976,41,24,2362,48.78,39,34138138.29641347
K20_S2000_P100_G2000,2,20,2000,100,2000,76,52,2000,5298,0.551496,0.376638,31947,40,25,4284,50,53.0,19082017.311101597
K20_S2000_P100_G2000,3,20,2000,100,2000,52,40,2000,7298,0.702435,0.487671,39444,48,25,6275,41.667,4.0,13002344.586581372
K20_S2000_P100_G2000,4,20,2000,100,2000,40,24,2000,9298,0.489556,0.672987,27477,37,25,3375,54.054,67,9199252.849579148
K20_S2000_P100_G2000,5,20,2000,100,2000,24,15,2000,11298,0.734621,0.77018,36003,48,27,6363,41.667,6.0,5536420.43859574
K20_S2000_P100_G2000,6,20,2000,100,2000,15,9,2000,13298,1.371111,0.908444,83493,76,33,15885,26.316,0.0,3846882.4104970526
K20_S2000_P100_G2000,7,20,2000,100,2000,9,5,2000,15298,1.921566,0.850092,116625,108,37,21731,18.519,0.0,2583203.931919745
K20_S2000_P100_G2000,8,20,2000,100,2000,5,4,2000,17298,1.527821,0.973848,96077,88,33,18449,22.727,0.0,2015411.9977168953
K20_S2000_P100_G2000,9,20,2000,100,2000,4,3,2000,19298,1.372599,0.970407,89901,85,33,16979,23.529,0,2001467.5488633306
K20_S2000_P100_G2000,10,20,2000,100,2000,3,3,2000,21298,2.384167,1.091722,168037,136,54,31226,14.706,0.0,2001352.5649856501
K20_S2000_P500_G500,1,20,2000,500,500,111,124,500,1798,0.130848,0.195711,5059,6,3,664,83.333,26.5,79001361.75
K20_S2000_P500_G500,2,20,2000,500,500,124,102,500,2298,0.107234,0.279808,8046,6,5,520,83.333,48.0,56570866.05607663
K20_S2000_P500_G500,3,20,2000,500,500,102,85,500,2798,0.139936,0.297347,3771,4,2,500,125,25.5,45769626.63801287
K20_S2000_P500_G500,4,20,2000,500,500,85,86,500,3298,0.030819,0.362455,1770,3,1,512,166.667,0,45265166.976095006
K20_S2000_P500_G500,5,20,2000,500,500,86,86,500,3798,0.134743,0.379128,3639,6,2,581,83.333,0.0,37713866.59541099
K20_S2000_P500_G500,6,20,2000,500,500,86,78,500,4298,0.05158,0.330569,1661,1,1,500,500,500,32659774.064153403
K20_S2000_P500_G500,7,20,2000,500,500,78,75,500,4798,0.152735,0.34918,6751,6,4,782,83.333,103.5,30860491.02975875
K20_S2000_P500_G500,8,20,2000,500,500,75,77,500,5298,0.061181,0.360542,2310,2,1,595,250,250.0,30587793.440808244
K20_S2000_P500_G500,9,20,2000,500,500,77,69,500,5798,0.068641,0.390498,1520,1,1,500,500,500,27183323.16139427
K20_S2000_P500_G500,10,20,2000,500,500,69,65,500,6298,0.089753,0.515186,3002,2,2,584,250,250.0,24982905.88993062
K20_S2000_P500_G5000,1,20,2000,500,5000,111,80,5000,6298,0.607409,0.3659,37699,35,21,5455,142.857,45,32851382.319582477
K20_S2000_P500_G5000,2,20,2000,500,5000,80,53,5000,11298,0.61963,0.671274,37448,28,20,6227,178.571,70.5,18764801.427810322
K20_S2000_P500_G5000,3,20,2000,500,5000,53,41,5000,16298,0.842538,0.87438,47910,40,22,8685,125,87.0,11870266.878272021
K20_S2000_P500_G5000,4,20,2000,500,5000,41,18,5000,21298,0.586445,1.082463,38080,29,19,7190,172.414,83,6638823.670520772
K20_S2000_P500_G5000,5,20,2000,500,5000,18,9,5000,26298,0.699052,1.357582,49052,40,17,9838,125,0.0,3096804.3851377014
K20_S2000_P500_G5000,6,20,2000,500,5000,9,3,5000,31298,1.204478,1.502535,60898,46,22,12841,108.696,0.0,2267087.948639456
K20_S2000_P500_G5000,7,20,2000,500,5000,3,3,5000,36298,1.462411,1.510861,104563,83,29,21689,60.241,0,2001470.674023379
K20_S2000_P500_G5000,8,20,2000,500,5000,3,3,5000,41298,3.512319,1.920053,257799,194,76,46592,25.773,0.0,2001288.2522553161
K20_S2000_P500_G5000,9,20,2000,500,5000,3,1,5000,46298,6.996241,1.803202,543762,413,120,101124,12.107,0,1001231.5416666667
K20_S2000_P500_G5000,10,20,2000,500,5000,1,1,5000,51298,10.216697,4.183486,831685,642,136,152514,7.788,0.0,1001126.6222222222
