name,top_k,states_per_start,neg_per_start_cap,max_new_per_iteration,reached_zero_artificials,iterations,initial_artificials,final_artificials,initial_columns,final_columns,total_columns_added,total_time_sec,pricing_time_sec,master_time_sec,final_ilp_attempted,final_ilp_succeeded,final_ilp_time_sec,final_ilp_selected_pairings,final_ilp_cost
K20_S500_P500_G2000,20,500,500,2000,False,10,111,1,1298,21298,20000,21.327774,12.109542,9.069824,False,False,0.0,,
K20_S1000_P500_G2000,20,1000,500,2000,False,10,111,3,1298,21298,20000,13.672079,5.801273,7.718837,False,False,0.0,,
K20_S2000_P500_G2000,20,2000,500,2000,False,10,111,15,1298,21298,20000,12.640542,4.367799,8.066758,False,False,0.0,,
K20_S3000_P500_G2000,20,3000,500,2000,False,10,111,21,1298,21298,20000,11.262822,3.823557,7.301379,False,False,0.0,,
K10_S2000_P500_G2000,10,2000,500,2000,False,10,111,4,1298,21298,20000,16.261906,6.974807,9.069157,False,False,0.0,,
K30_S2000_P500_G2000,30,2000,500,2000,False,10,111,22,1298,21298,20000,11.338939,3.699925,7.469954,False,False,0.0,,
K20_S2000_P100_G2000,20,2000,100,2000,False,10,111,3,1298,21298,20000,19.103073,11.544356,7.386987,False,False,0.0,,
K20_S2000_P500_G500,20,2000,500,500,False,10,111,65,1298,6298,5000,4.465129,0.967469,3.460423,False,False,0.0,,
K20_S2000_P500_G5000,20,2000,500,5000,False,10,111,1,1298,51298,50000,42.472435,26.74722,15.271737,False,False,0.0,,
