name,top_k,states_per_start,neg_per_start_cap,max_new_per_iteration,max_dfs_states,reached_zero_artificials,iterations,initial_artificials,final_artificials,initial_columns,final_columns,total_columns_added,total_time_sec,pricing_time_sec,master_time_sec,final_ilp_attempted,final_ilp_succeeded,final_ilp_time_sec,final_ilp_selected_pairings,final_ilp_cost,final_ilp_error
K20_S500_P500_G2000,20,500,500,2000,500000,True,5,161,0,1355,11355,10000,12.443432,6.722589,5.601739,False,False,0.0,,,
K20_S1000_P500_G2000,20,1000,500,2000,500000,True,7,161,0,1355,15355,14000,18.410893,8.21553,9.956275,False,False,0.0,,,
K20_S2000_P500_G2000,20,2000,500,2000,500000,True,10,161,0,1355,21355,20000,28.471058,11.551042,16.488553,False,False,0.0,,,
K20_S3000_P500_G2000,20,3000,500,2000,500000,True,9,161,0,1355,19355,18000,23.568933,9.761856,13.43544,False,False,0.0,,,
K10_S2000_P500_G2000,10,2000,500,2000,500000,True,6,161,0,1355,13355,12000,13.467202,6.366504,6.953711,False,False,0.0,,,
K30_S2000_P500_G2000,30,2000,500,2000,500000,True,9,161,0,1355,19355,18000,24.656657,10.536492,13.810643,False,False,0.0,,,
K20_S2000_P100_G2000,20,2000,100,2000,500000,True,4,161,0,1355,9355,8000,11.116394,7.08502,3.907924,False,False,0.0,,,
K20_S2000_P500_G500,20,2000,500,500,500000,False,10,161,62,1355,6355,5000,10.723795,2.512606,8.09964,False,False,0.0,,,
K20_S2000_P500_G5000,20,2000,500,5000,500000,True,5,161,0,1355,26355,25000,21.823752,11.321911,10.233917,False,False,0.0,,,
