config,iteration,top_k,states_per_start,neg_per_start_cap,new_per_iteration_cap,artificials_before,artificials_after,new_columns,total_columns,pricing_sec,master_sec,pricing_attempts,max_dfs_states,master_objective
K20_S500_P500_G2000,1,20,500,500,2000,161,79,2000,3355,0.784362,0.738403,1,500000,35689387.03106536
K20_S500_P500_G2000,2,20,500,500,2000,79,41,2000,5355,0.821095,0.937412,1,500000,10405614.78766783
K20_S500_P500_G2000,3,20,500,500,2000,41,8,2000,7355,1.346054,1.043333,1,500000,2317356.982041381
K20_S500_P500_G2000,4,20,500,500,2000,8,1,2000,9355,1.319416,1.279231,1,500000,1002136.7738094231
K20_S500_P500_G2000,5,20,500,500,2000,1,0,2000,11355,2.451662,1.60336,1,500000,1870.3227306249942
K20_S1000_P500_G2000,1,20,1000,500,2000,161,116,2000,3355,0.632216,0.941087,1,500000,56155341.70852621
K20_S1000_P500_G2000,2,20,1000,500,2000,116,88,2000,5355,0.809348,0.983427,1,500000,33759492.71334401
K20_S1000_P500_G2000,3,20,1000,500,2000,88,51,2000,7355,2.010261,1.451444,1,500000,16647719.79361776
K20_S1000_P500_G2000,4,20,1000,500,2000,51,45,2000,9355,0.567831,1.647676,1,500000,11802550.43050788
K20_S1000_P500_G2000,5,20,1000,500,2000,45,19,2000,11355,1.218941,1.506682,1,500000,4004805.325523118
K20_S1000_P500_G2000,6,20,1000,500,2000,19,9,2000,13355,1.590301,1.621358,1,500000,1527112.7473410298
K20_S1000_P500_G2000,7,20,1000,500,2000,9,0,2000,15355,1.386631,1.804602,1,500000,2364.5385425135046
K20_S2000_P500_G2000,1,20,2000,500,2000,161,131,2000,3355,0.895997,1.304954,1,500000,69498703.25738524
K20_S2000_P500_G2000,2,20,2000,500,2000,131,100,2000,5355,0.785891,1.002331,1,500000,39865686.39319928
K20_S2000_P500_G2000,3,20,2000,500,2000,100,77,2000,7355,0.748578,1.413758,1,500000,28235602.487436835
K20_S2000_P500_G2000,4,20,2000,500,2000,77,52,2000,9355,1.034129,1.208446,1,500000,16538636.259683333
K20_S2000_P500_G2000,5,20,2000,500,2000,52,34,2000,11355,0.951824,1.628171,1,500000,10335323.583394088
K20_S2000_P500_G2000,6,20,2000,500,2000,34,28,2000,13355,0.761431,1.58525,1,500000,6839650.378932725
K20_S2000_P500_G2000,7,20,2000,500,2000,28,20,2000,15355,1.185559,1.820459,1,500000,3275090.754289219
K20_S2000_P500_G2000,8,20,2000,500,2000,20,12,2000,17355,1.449865,1.891567,1,500000,1585078.1218972688
K20_S2000_P500_G2000,9,20,2000,500,2000,12,7,2000,19355,0.898971,2.169991,1,500000,974337.5246321035
K20_S2000_P500_G2000,10,20,2000,500,2000,7,0,2000,21355,2.838798,2.463626,1,500000,1975.7107594997565
K20_S3000_P500_G2000,1,20,3000,500,2000,161,140,2000,3355,0.484783,0.66182,1,500000,72225127.48098546
K20_S3000_P500_G2000,2,20,3000,500,2000,140,103,2000,5355,0.805858,1.248016,1,500000,46489016.62914759
K20_S3000_P500_G2000,3,20,3000,500,2000,103,63,2000,7355,1.145525,1.051964,1,500000,23209610.817803912
K20_S3000_P500_G2000,4,20,3000,500,2000,63,57,2000,9355,0.414288,1.305431,1,500000,17953944.342770547
K20_S3000_P500_G2000,5,20,3000,500,2000,57,34,2000,11355,0.974307,1.402349,1,500000,9388934.498949166
K20_S3000_P500_G2000,6,20,3000,500,2000,34,18,2000,13355,0.636851,1.677805,1,500000,5689573.086254139
K20_S3000_P500_G2000,7,20,3000,500,2000,18,16,2000,15355,1.247854,2.095899,1,500000,2669677.2080251914
K20_S3000_P500_G2000,8,20,3000,500,2000,16,6,2000,17355,1.336178,2.039902,1,500000,898648.509178591
K20_S3000_P500_G2000,9,20,3000,500,2000,6,0,2000,19355,2.716212,1.952253,1,500000,2063.8381356801783
K10_S2000_P500_G2000,1,10,2000,500,2000,161,124,2000,3355,0.574623,0.742385,1,500000,66574045.71352413
K10_S2000_P500_G2000,2,10,2000,500,2000,124,75,2000,5355,0.897995,0.861708,1,500000,27014125.30550206
K10_S2000_P500_G2000,3,10,2000,500,2000,75,50,2000,7355,1.038258,1.01972,1,500000,14123593.869887175
K10_S2000_P500_G2000,4,10,2000,500,2000,50,11,2000,9355,1.312485,1.325883,1,500000,2570706.1860954887
K10_S2000_P500_G2000,5,10,2000,500,2000,11,2,2000,11355,1.331719,1.428705,1,500000,549336.8298007915
K10_S2000_P500_G2000,6,10,2000,500,2000,2,0,2000,13355,1.211424,1.57531,1,500000,2079.7716434773693
K30_S2000_P500_G2000,1,30,2000,500,2000,161,128,2000,3355,0.475824,0.618589,1,500000,70557299.44814816
K30_S2000_P500_G2000,2,30,2000,500,2000,128,90,2000,5355,1.095762,0.865893,1,500000,38528656.35314543
K30_S2000_P500_G2000,3,30,2000,500,2000,90,72,2000,7355,0.472895,1.065158,1,500000,25111655.663537696
K30_S2000_P500_G2000,4,30,2000,500,2000,72,31,2000,9355,1.165085,1.320916,1,500000,9506622.741648968
K30_S2000_P500_G2000,5,30,2000,500,2000,31,23,2000,11355,1.90926,1.866764,1,500000,6155788.054332824
K30_S2000_P500_G2000,6,30,2000,500,2000,23,14,2000,13355,1.084139,1.789664,1,500000,3375040.1422162987
K30_S2000_P500_G2000,7,30,2000,500,2000,14,9,2000,15355,0.779415,1.80685,1,500000,2344202.224086122
K30_S2000_P500_G2000,8,30,2000,500,2000,9,3,2000,17355,1.385491,2.015979,1,500000,544110.0319572097
K30_S2000_P500_G2000,9,30,2000,500,2000,3,0,2000,19355,2.168622,2.46083,1,500000,2257.7429816988874
K20_S2000_P100_G2000,1,20,2000,100,2000,161,89,2000,3355,1.183642,0.782651,1,500000,33130999.409354117
K20_S2000_P100_G2000,2,20,2000,100,2000,89,55,2000,5355,1.693672,0.909027,1,500000,14257536.490470406
K20_S2000_P100_G2000,3,20,2000,100,2000,55,15,2000,7355,1.584942,0.997585,1,500000,3022469.7689612154
K20_S2000_P100_G2000,4,20,2000,100,2000,15,0,2000,9355,2.622764,1.218662,1,500000,2284.086164199739
K20_S2000_P500_G500,1,20,2000,500,500,161,155,500,1855,0.107511,0.505968,1,500000,93636080.52275641
K20_S2000_P500_G500,2,20,2000,500,500,155,145,500,2355,0.052891,0.730354,1,500000,91463047.46602565
K20_S2000_P500_G500,3,20,2000,500,500,145,136,500,2855,0.412286,0.657011,1,500000,76077618.03260869
K20_S2000_P500_G500,4,20,2000,500,500,136,137,500,3355,0.230389,0.6102,1,500000,70187572.19746786
K20_S2000_P500_G500,5,20,2000,500,500,137,123,500,3855,0.19815,0.643609,1,500000,61266015.334603176
K20_S2000_P500_G500,6,20,2000,500,500,123,103,500,4355,0.294779,1.14167,1,500000,46393485.973003075
K20_S2000_P500_G500,7,20,2000,500,500,103,94,500,4855,0.143518,0.944755,1,500000,40834066.99306132
K20_S2000_P500_G500,8,20,2000,500,500,94,88,500,5355,0.589414,0.82154,1,500000,34756237.7993733
K20_S2000_P500_G500,9,20,2000,500,500,88,68,500,5855,0.15908,1.096934,1,500000,27047912.308038276
K20_S2000_P500_G500,10,20,2000,500,500,68,62,500,6355,0.324587,0.947599,1,500000,23082623.59920843
K20_S2000_P500_G5000,1,20,2000,500,5000,161,94,5000,6355,1.457894,0.899884,1,500000,46399061.53966476
K20_S2000_P500_G5000,2,20,2000,500,5000,94,58,5000,11355,2.492815,1.541387,1,500000,18247227.20565095
K20_S2000_P500_G5000,3,20,2000,500,5000,58,22,5000,16355,2.099568,2.286087,1,500000,5179802.848688016
K20_S2000_P500_G5000,4,20,2000,500,5000,22,3,5000,21355,2.53159,2.64385,1,500000,474568.2556648093
K20_S2000_P500_G5000,5,20,2000,500,5000,3,0,5000,26355,2.740043,2.86271,1,500000,1977.1381849913696
